City_ID,City,Lat,Lng,Max Temp,Humidity,Cloudiness,Wind Speed,Country,Date
0,castro,-24.7911,-50.0119,21.52,85,60,4.12,BR,1675539441
1,kolpashevo,58.3131,82.9089,-19.35,100,100,0.9,RU,1675539442
2,umea,63.8284,20.2597,-11.16,77,0,2.57,SE,1675539442
3,rikitea,-23.1203,-134.9692,25.85,76,3,7.04,PF,1675539303
4,hasaki,35.7333,140.8333,2.9,56,2,7.69,JP,1675539442
5,thompson,55.7435,-97.8558,-20.91,77,40,1.54,CA,1675539053
6,samarai,-10.6167,150.6667,27.29,78,97,2.56,PG,1675539443
7,punta arenas,-53.15,-70.9167,10.06,93,100,5.66,CL,1675539307
8,road town,18.4167,-64.6167,28.02,74,40,5.14,VG,1675539443
9,bredasdorp,-34.5322,20.0403,22.04,81,0,1.78,ZA,1675539301
10,krasnoselkup,65.7,82.4667,-13.98,97,100,3.63,RU,1675539444
11,gat,31.61,34.7642,12.44,100,58,3.18,IL,1675539444
12,ugoofaaru,5.6667,73.0,27.07,75,100,2.66,MV,1675539445
13,ushuaia,-54.8,-68.3,12.81,50,0,1.03,AR,1675539304
14,bethel,41.3712,-73.414,-7.36,37,40,7.2,US,1675539445
15,sabang,5.8933,95.3214,26.48,77,93,2.95,ID,1675539445
16,east london,-33.0153,27.9116,24.45,82,100,7.59,ZA,1675539331
17,vila,42.0304,-8.1588,7.49,64,0,2.05,PT,1675539446
18,cayenne,4.9333,-52.3333,24.02,94,75,1.03,GF,1675539108
19,hilo,19.7297,-155.09,22.36,92,100,2.57,US,1675539318
20,qaanaaq,77.484,-69.3632,-18.87,66,100,2.48,GL,1675539324
21,yellowknife,62.456,-114.3525,-27.71,63,75,1.03,CA,1675539341
22,busselton,-33.65,115.3333,23.51,45,93,3.33,AU,1675539335
23,marsabit,2.3284,37.9899,21.71,35,77,3.47,KE,1675539447
24,severnyy,50.677,36.5532,-3.98,92,100,2.0,RU,1675539447
25,cape town,-33.9258,18.4232,22.29,83,20,5.66,ZA,1675539171
26,fort nelson,58.8053,-122.7002,-14.47,68,75,1.34,CA,1675539448
27,butaritari,3.0707,172.7902,27.35,80,73,8.82,KI,1675539324
28,cape coast,5.1053,-1.2466,26.68,80,61,5.36,GH,1675539448
29,broome,42.2506,-75.833,-8.28,60,98,3.13,US,1675539449
30,lagoa,39.05,-27.9833,15.08,87,5,7.67,PT,1675539151
31,jadu,31.953,12.0261,8.02,70,96,3.31,LY,1675539449
32,mount isa,-20.7333,139.5,21.87,40,100,4.12,AU,1675539450
33,hermanus,-34.4187,19.2345,19.89,94,19,3.33,ZA,1675539318
34,pisco,-13.7,-76.2167,24.03,83,0,4.63,PE,1675539176
35,boyolangu,-8.1181,111.8935,24.24,82,100,1.0,ID,1675539450
36,ponta delgada,37.7333,-25.6667,15.4,82,20,4.63,PT,1675539345
37,bilibino,68.0546,166.4372,-36.87,98,18,2.19,RU,1675539451
38,lebu,-37.6167,-73.65,18.98,79,51,4.85,CL,1675539359
39,diffa,13.3154,12.6113,24.83,14,88,3.09,NE,1675539451
40,port alfred,-33.5906,26.891,24.54,86,100,0.89,ZA,1675539302
41,shimoda,34.6667,138.95,7.53,68,25,4.12,JP,1675539452
42,tecpan,14.7623,-90.9947,17.56,46,10,4.91,GT,1675539452
43,wattegama,6.7989,81.4808,22.31,92,49,1.98,LK,1675539453
44,tynda,55.1667,124.7167,-31.66,100,94,1.1,RU,1675539350
45,puerto ayora,-0.7393,-90.3518,29.98,87,34,3.58,EC,1675539333
46,miraflores,19.2167,-98.8083,22.21,28,0,1.57,MX,1675539453
47,port elizabeth,-33.918,25.5701,24.06,88,0,2.06,ZA,1675539453
48,eydhafushi,5.1033,73.0708,27.02,77,80,2.42,MV,1675539454
49,saskylakh,71.9167,114.0833,-42.58,100,77,1.17,RU,1675539454
50,ancud,-41.8697,-73.8203,21.01,65,43,2.21,CL,1675539454
51,kodiak,57.79,-152.4072,-6.27,93,0,2.57,US,1675539044
52,caravelas,-17.7125,-39.2481,28.26,71,7,4.98,BR,1675539455
53,dhadar,28.3305,75.0632,18.88,27,0,2.6,IN,1675539455
54,albany,42.6001,-73.9662,-11.77,42,54,0.45,US,1675539222
55,glens falls,43.3095,-73.644,-14.34,47,54,2.54,US,1675539407
56,tuktoyaktuk,69.4541,-133.0374,-42.0,66,0,1.54,CA,1675539323
57,batticaloa,7.7102,81.6924,24.88,87,97,4.21,LK,1675539455
58,andenes,69.3143,16.1194,1.99,69,100,8.75,NO,1675539456
59,bluff,-46.6,168.3333,19.08,80,100,4.89,NZ,1675539336
60,todos santos,23.45,-110.2167,27.39,67,5,2.78,MX,1675539456
61,san rafael,-34.6177,-68.3301,32.26,16,0,5.19,AR,1675539169
62,matagami,49.7502,-77.6328,-18.94,78,100,6.69,CA,1675539457
63,georgetown,5.4112,100.3354,24.97,89,20,1.03,MY,1675538978
64,parabel,58.6978,81.4825,-18.57,100,100,1.62,RU,1675539457
65,tura,25.5198,90.2201,13.88,53,0,1.05,IN,1675539457
66,gejiu,23.306,103.1635,7.45,95,41,1.38,CN,1675539344
67,okhotsk,59.3833,143.3,-26.45,82,45,5.2,RU,1675539458
68,chapais,49.7834,-74.8492,-23.12,91,100,4.15,CA,1675539458
69,sompeta,18.9333,84.6,19.89,64,4,1.66,IN,1675539458
70,faanui,-16.4833,-151.75,27.47,71,69,7.89,PF,1675539332
71,tiksi,71.6872,128.8694,-25.29,100,100,2.09,RU,1675539316
72,shache,38.4167,77.2406,-1.27,84,55,2.25,CN,1675539459
73,tuatapere,-46.1333,167.6833,19.09,95,100,2.58,NZ,1675539459
74,longyearbyen,78.2186,15.6401,-11.09,67,0,6.17,SJ,1675539460
75,avera,33.194,-82.5271,10.73,33,9,3.19,US,1675539299
76,sangmelima,2.9333,11.9833,25.05,56,80,2.43,CM,1675539460
77,castle rock,39.3722,-104.8561,13.3,25,0,2.68,US,1675539461
78,nikolskoye,59.7035,30.7861,-2.06,92,100,3.57,RU,1675539304
79,ponta do sol,32.6667,-17.1,17.62,63,23,4.39,PT,1675539346
80,saint george,37.1041,-113.5841,13.02,39,0,1.34,US,1675539462
81,kapaa,22.0752,-159.319,22.28,93,100,2.06,US,1675539345
82,raudeberg,61.9875,5.1352,3.81,72,100,13.46,NO,1675539462
83,nemuro,43.3236,145.575,-5.49,76,26,4.78,JP,1675539463
84,jamestown,42.097,-79.2353,-4.69,30,55,4.47,US,1675539230
85,acheng,45.5454,126.977,-13.67,89,100,3.4,CN,1675539463
86,touros,-5.1989,-35.4608,27.67,74,93,6.66,BR,1675539463
87,salinas,36.6777,-121.6555,18.92,68,40,7.2,US,1675539336
88,pacific grove,36.6177,-121.9166,17.16,81,100,9.83,US,1675538902
89,berlevag,70.8578,29.0864,-4.0,86,75,4.63,NO,1675539464
90,half moon bay,37.4636,-122.4286,17.25,91,75,4.12,US,1675539464
91,tres palos,18.1833,-101.6167,34.5,22,0,1.59,MX,1675539465
92,bambous virieux,-20.3428,57.7575,26.23,83,40,2.57,MU,1675539342
93,new norfolk,-42.7826,147.0587,13.72,65,23,0.45,AU,1675539300
94,luanda,-8.8368,13.2343,27.0,78,75,6.17,AO,1675539258
95,iskateley,67.6803,53.1512,-16.37,97,56,3.62,RU,1675539465
96,atuona,-9.8,-139.0333,25.68,79,22,8.01,PF,1675539305
97,luderitz,-26.6481,15.1594,17.71,85,5,7.26,NA,1675539314
98,abu dhabi,24.4667,54.3667,19.06,74,0,1.03,AE,1675539178
99,barrow,71.2906,-156.7887,-30.99,83,20,4.63,US,1675539465
100,codrington,-38.2667,141.9667,14.21,82,100,2.63,AU,1675539404
101,xudat,41.631,48.681,4.95,87,100,2.69,AZ,1675539466
102,severo-kurilsk,50.6789,156.125,-3.4,73,100,2.88,RU,1675539309
103,broken hill,-31.95,141.4333,15.54,58,0,4.68,AU,1675539466
104,chicama,-7.8447,-79.1469,23.3,54,49,5.13,PE,1675539314
105,altay,47.8667,88.1167,-6.11,85,100,1.27,CN,1675539466
106,baruun-urt,46.6806,113.2792,-19.64,88,34,1.2,MN,1675539467
107,nhulunbuy,-12.2333,136.7667,24.34,88,100,2.06,AU,1675539467
108,bambanglipuro,-7.95,110.2833,24.75,89,100,3.32,ID,1675539467
109,sassandra,4.95,-6.0833,25.81,89,32,3.27,CI,1675539468
110,navahrudak,53.6,25.8333,-6.75,92,100,5.63,BY,1675539468
111,atbasar,51.8,68.3333,-17.4,90,50,4.45,KZ,1675539468
112,kant,27.8,79.8,13.65,57,0,3.55,IN,1675539469
113,itoman,26.1247,127.6694,18.01,75,100,4.12,JP,1675539469
114,vardo,70.3705,31.1107,-7.01,63,100,2.57,NO,1675539327
115,mar del plata,-38.0023,-57.5575,24.35,65,0,7.72,AR,1675538776
116,benguela,-12.5763,13.4055,24.71,79,93,2.36,AO,1675539469
117,poyarkovo,49.6,128.6833,-20.92,99,97,1.83,RU,1675539470
118,ribeira grande,38.5167,-28.7,17.22,88,40,4.47,PT,1675539319
119,mahebourg,-20.4081,57.7,26.25,83,40,2.57,MU,1675539339
120,vao,-22.6667,167.4833,26.25,87,81,8.92,NC,1675539470
121,hithadhoo,-0.6,73.0833,27.31,73,98,6.76,MV,1675539337
122,hobart,-42.8794,147.3294,13.92,69,100,6.69,AU,1675539004
123,salalah,17.0151,54.0924,23.05,73,20,0.51,OM,1675539347
124,la rioja,42.25,-2.5,1.88,74,0,2.32,ES,1675539336
125,san patricio,28.017,-97.5169,20.93,52,61,4.33,US,1675539471
126,mataura,-46.1927,168.8643,21.16,74,100,2.99,NZ,1675539326
127,kahului,20.8947,-156.47,24.61,92,75,7.2,US,1675539220
128,brae,60.3964,-1.353,6.34,64,100,11.38,GB,1675539340
129,yar-sale,66.8333,70.8333,-10.65,96,100,2.21,RU,1675539472
130,wawa,9.9022,4.4192,31.25,17,17,1.47,NG,1675539472
131,victoria,22.2855,114.1577,18.03,85,100,4.02,HK,1675539150
132,kudat,6.8837,116.8477,26.96,89,20,2.57,MY,1675539472
133,simoes,-7.5989,-40.8178,33.49,27,85,3.43,BR,1675539473
134,oranjemund,-28.55,16.4333,17.51,93,3,3.7,NA,1675539473
135,bethanien,-26.502,17.1583,28.88,20,90,6.74,NA,1675539473
136,cidreira,-30.1811,-50.2056,25.72,65,71,4.61,BR,1675539315
137,opera,45.3731,9.2112,11.13,73,0,5.14,IT,1675539474
138,dongsheng,39.8161,109.9776,-5.31,42,98,3.54,CN,1675539338
139,marsa matruh,31.3525,27.2453,13.11,71,20,3.6,EG,1675539474
140,saint-georges,12.0564,-61.7485,27.82,78,75,11.32,GD,1675539334
141,geraldton,-28.7667,114.6,22.23,88,100,2.06,AU,1675539204
142,esperance,-33.8667,121.9,17.67,71,0,6.88,AU,1675539315
143,onega,63.9061,38.1404,-15.93,100,100,1.05,RU,1675539475
144,narsaq,60.9167,-46.05,-0.88,90,100,8.76,GL,1675539457
145,cabo san lucas,22.8909,-109.9124,27.61,49,0,3.6,MX,1675539179
146,aljezur,37.3191,-8.8033,11.24,72,0,2.34,PT,1675539475
147,carnarvon,-24.8667,113.6333,25.65,72,2,1.63,AU,1675539319
148,arraial do cabo,-22.9661,-42.0278,32.98,62,0,7.2,BR,1675539310
149,tuma,55.148,40.5537,-4.46,98,100,1.45,RU,1675539475
150,rubtsovsk,51.5,81.25,-9.49,96,100,1.72,RU,1675539476
151,tasiilaq,65.6145,-37.6368,-4.91,87,100,6.02,GL,1675539340
152,wynyard,-41.0,145.7167,12.54,77,17,3.57,AU,1675539476
153,aksu,41.1231,80.2644,-7.08,86,12,2.56,CN,1675539476
154,charyshskoye,51.3978,83.5598,-4.79,97,100,0.85,RU,1675539477
155,bathsheba,13.2167,-59.5167,26.41,75,11,9.26,BB,1675539477
156,qaqortoq,60.7167,-46.0333,-3.14,81,100,12.82,GL,1675539231
157,kirakira,-10.4544,161.9205,26.75,85,75,2.0,SB,1675539477
158,airai,-8.9266,125.4092,15.69,91,100,0.94,TL,1675539478
159,yumen,40.2833,97.2,-3.11,38,100,5.18,CN,1675539478
160,beringovskiy,63.05,179.3167,-30.14,92,38,6.05,RU,1675539303
161,buala,-8.145,159.5921,26.29,85,100,2.78,SB,1675539478
162,flinders,-34.5833,150.8552,16.88,69,0,2.9,AU,1675539320
163,provideniya,64.3833,-173.3,-19.89,89,100,4.75,RU,1675539306
164,wote,-1.7808,37.6288,18.78,59,48,1.96,KE,1675539479
165,sao gabriel da cachoeira,-0.1303,-67.0892,30.89,62,40,1.54,BR,1675539479
166,zverinogolovskoye,54.4586,64.8542,-14.56,98,96,1.78,RU,1675539479
167,vaini,-21.2,-175.2,27.09,89,20,4.63,TO,1675539311
168,hofn,64.2539,-15.2082,0.81,57,4,6.32,IS,1675539300
169,barguzin,53.6167,109.6167,-18.21,96,91,0.82,RU,1675539480
170,azuaga,38.2667,-5.6833,6.58,59,0,2.23,ES,1675539480
171,yuci,37.6803,112.7319,-8.14,53,0,0.0,CN,1675539481
172,pingliang,35.5392,106.6861,0.8,64,100,0.56,CN,1675539481
173,margate,51.3813,1.3862,8.5,75,100,0.45,GB,1675539335
174,dunedin,-45.8742,170.5036,20.45,83,100,2.68,NZ,1675539196
175,sanok,49.5557,22.2056,-4.76,100,100,3.94,PL,1675539482
176,ribe,55.3305,8.7697,0.58,84,86,4.59,DK,1675539482
177,tshikapa,-6.4167,20.8,20.36,95,99,1.32,CD,1675539483
178,dikson,73.5069,80.5464,-20.8,98,100,1.44,RU,1675539348
179,saint-philippe,-21.3585,55.7679,25.77,87,98,4.51,RE,1675539483
180,kavieng,-2.5744,150.7967,27.39,73,97,2.0,PG,1675539484
181,soe,-9.8607,124.284,19.36,97,100,1.58,ID,1675539334
182,nioro,13.35,-15.75,30.21,12,100,3.27,GM,1675539485
183,chuy,-33.6971,-53.4616,24.2,57,1,7.39,UY,1675539307
184,makakilo city,21.3469,-158.0858,21.49,85,100,6.17,US,1675539485
185,cherskiy,68.75,161.3,-37.34,100,93,2.39,RU,1675539299
186,akhaldaba,41.654,42.1516,2.31,74,100,2.41,GE,1675539486
187,hambantota,6.1241,81.1185,24.31,86,11,5.4,LK,1675539352
188,neuquen,-38.9516,-68.0591,36.94,16,0,3.6,AR,1675539486
189,sao filipe,14.8961,-24.4956,22.25,62,53,5.88,CV,1675539487
190,erzin,36.9559,36.2,6.35,78,100,2.12,TR,1675539487
191,uribia,11.7139,-72.266,31.44,42,6,8.46,CO,1675539488
192,quatre cocos,-20.2078,57.7625,26.16,85,64,4.53,MU,1675539481
193,upernavik,72.7868,-56.1549,-21.15,95,100,3.15,GL,1675539049
194,porto novo,6.4965,2.6036,28.9,82,6,4.53,BJ,1675539488
195,nanortalik,60.1432,-45.2371,-3.39,81,100,11.95,GL,1675539325
196,alberton,46.8168,-64.0654,-16.05,84,100,14.34,CA,1675539489
197,faya,18.3851,42.4509,12.06,66,86,1.23,SA,1675539489
198,kruisfontein,-34.0033,24.7314,23.1,67,100,2.42,ZA,1675539489
199,saldanha,-33.0117,17.9442,19.03,96,81,6.94,ZA,1675539321
200,nouakchott,18.0858,-15.9785,24.96,25,100,4.98,MR,1675539426
201,souillac,-20.5167,57.5167,26.21,83,40,2.57,MU,1675539024
202,akureyri,65.6835,-18.0878,-0.04,59,75,11.32,IS,1675539490
203,takoradi,4.8845,-1.7554,26.4,81,79,1.78,GH,1675539490
204,morondava,-20.2833,44.2833,27.26,79,0,3.32,MG,1675539491
205,yabelo,4.8833,38.0833,18.48,23,18,4.63,ET,1675539491
206,sechura,-5.5569,-80.8222,28.01,56,95,8.0,PE,1675539491
207,hangu,39.2489,117.7892,-0.98,54,0,3.73,CN,1675539492
208,alice springs,-23.7,133.8833,12.75,88,4,2.06,AU,1675539492
209,husavik,66.0449,-17.3389,-2.46,70,3,5.68,IS,1675539492
210,acarau,-2.8856,-40.12,27.57,76,61,7.21,BR,1675539493
211,thinadhoo,0.5333,72.9333,26.91,70,17,5.59,MV,1675539493
212,kolokani,13.5728,-8.0339,26.38,14,99,4.31,ML,1675539494
213,mosquera,4.7059,-74.2302,19.05,59,75,7.72,CO,1675539244
214,alofi,-19.0595,-169.9187,25.94,83,75,2.57,NU,1675539494
215,jawhar,2.7809,45.5005,22.99,73,10,8.12,SO,1675539495
216,wakkanai,45.4094,141.6739,-5.82,69,100,4.7,JP,1675539495
217,ferkessedougou,9.6,-5.2,29.4,17,0,2.18,CI,1675539495
218,copiapo,-27.3667,-70.3333,22.83,38,0,5.34,CL,1675538822
219,henties bay,-22.116,14.2845,18.03,86,100,3.47,NA,1675539496
220,itaueira,-7.6033,-43.0256,33.77,38,91,0.99,BR,1675539497
221,nishihara,26.1842,127.7558,17.6,78,100,4.12,JP,1675539497
222,vesoul,47.5833,5.8333,6.71,93,45,2.48,FR,1675539497
223,saint anthony,45.0205,-93.218,-1.86,63,100,3.6,US,1675539498
224,whitehorse,60.7161,-135.0538,-11.77,83,100,3.09,CA,1675539498
225,lompoc,34.6391,-120.4579,19.36,67,0,1.54,US,1675539343
226,pontianak,-0.0333,109.3333,23.99,100,40,1.54,ID,1675539499
227,griffith,41.5284,-87.4237,5.17,60,0,9.77,US,1675539499
228,sudzha,51.1976,35.2726,-2.04,94,100,2.7,RU,1675539499
229,barahona,18.2085,-71.1008,31.9,55,20,6.17,DO,1675539500
230,puteyets,65.1716,57.091,-15.15,98,97,1.57,RU,1675539500
231,grand-santi,4.25,-54.3833,25.24,96,91,2.13,GF,1675539500
232,noumea,-22.2763,166.4572,24.99,85,32,4.99,NC,1675538949
233,torbay,47.6666,-52.7314,-13.12,80,100,13.38,CA,1675539357
234,maralal,1.0968,36.698,15.74,57,88,3.14,KE,1675539501
235,bengkulu,-3.8004,102.2655,23.32,90,100,1.92,ID,1675539501
236,clyde river,70.4692,-68.5914,-28.87,57,75,4.12,CA,1675539347
237,shaoyang,27.2315,111.4525,5.75,84,100,1.17,CN,1675539502
238,aykhal,66.0,111.5,-37.52,100,100,1.13,RU,1675539502
239,sambava,-14.2667,50.1667,24.93,90,56,4.39,MG,1675539503
240,port-gentil,-0.7193,8.7815,26.98,89,20,2.57,GA,1675539503
241,taoudenni,22.6783,-3.9836,16.76,31,100,5.54,ML,1675539503
242,potosi,-19.5836,-65.7531,3.29,96,100,1.42,BO,1675539504
243,polovinnoye,54.7914,65.9864,-13.31,97,98,2.15,RU,1675539504
244,adrar,20.5022,-10.0711,17.53,15,100,4.43,MR,1675539505
245,tolaga bay,-38.3667,178.3,20.76,84,5,3.4,NZ,1675539505
246,marawi,7.9986,124.2928,19.38,90,100,0.7,PH,1675539337
247,wasilla,61.5814,-149.4394,-4.83,92,100,1.54,US,1675539505
248,talnakh,69.4865,88.3972,-10.44,96,100,2.72,RU,1675539322
249,belyy yar,53.6039,91.3903,-25.06,92,20,1.0,RU,1675539507
250,matamoros,25.5333,-103.25,20.62,31,0,2.57,MX,1675539507
251,flin flon,54.7682,-101.865,-16.09,72,100,1.54,CA,1675539508
252,bosaso,11.2842,49.1816,22.26,75,72,1.34,SO,1675539508
253,port hardy,50.6996,-127.4199,8.1,87,100,11.83,CA,1675539313
254,hopelchen,19.7667,-89.85,28.2,47,97,2.12,MX,1675539508
255,avarua,-21.2078,-159.775,28.03,78,40,6.69,CK,1675539509
256,alekseyevka,50.6309,38.6903,-4.0,95,94,3.63,RU,1675539509
257,montreal,45.5088,-73.5878,-19.27,56,100,5.66,CA,1675539176
258,zhenlai,45.8495,123.2973,-14.84,86,23,3.24,CN,1675539510
259,kitimat,54.0524,-128.6534,3.21,100,100,1.06,CA,1675539510
260,nalut,30.3333,10.85,10.38,58,49,7.87,LY,1675539510
261,najran,17.4924,44.1277,19.36,46,58,1.16,SA,1675539134
262,custodia,-8.0875,-37.6431,33.75,22,66,4.87,BR,1675539511
263,nikel,69.4128,30.222,-14.9,100,92,1.12,RU,1675539310
264,farmington,36.7281,-108.2187,7.38,36,0,0.0,US,1675539253
265,riyadh,24.6877,46.7219,16.08,50,0,6.13,SA,1675539333
266,marsala,37.7966,12.4352,12.97,76,75,4.63,IT,1675539347
267,hami,42.8,93.45,-0.85,36,100,1.97,CN,1675539511
268,santa cruz,-17.8,-63.1667,31.7,54,75,6.69,BO,1675539285
269,jackson,42.4165,-122.8345,13.55,58,20,2.06,US,1675539468
270,clarksburg,39.2807,-80.3445,5.58,28,0,4.63,US,1675539375
271,college,64.8569,-147.8028,-12.03,78,75,1.54,US,1675539403
272,saint-francois,46.4154,3.9054,6.69,95,100,2.06,FR,1675539512
273,namibe,-15.1961,12.1522,21.66,77,30,4.3,AO,1675539512
274,portland,45.5234,-122.6762,10.05,89,100,5.14,US,1675539245
275,saint pete beach,27.7253,-82.7412,25.05,52,0,3.58,US,1675539513
276,agirish,61.9247,63.0231,-12.28,96,100,1.53,RU,1675539513
277,payo,-3.7508,103.6372,21.85,96,100,0.86,ID,1675539513
278,casablanca,33.5928,-7.6192,13.19,66,20,2.06,MA,1675539488
279,chokurdakh,70.6333,147.9167,-34.37,99,51,3.48,RU,1675539514
280,high level,58.5169,-117.136,-14.94,92,100,0.0,CA,1675539403
281,imeni poliny osipenko,52.4201,136.4853,-25.71,99,100,1.09,RU,1675539514
282,williams lake,52.1415,-122.1445,3.76,69,40,5.66,CA,1675539442
283,chake chake,-5.2459,39.7666,26.03,80,100,3.96,TZ,1675539515
284,lac du bonnet,50.2536,-96.0612,-9.33,87,100,2.04,CA,1675539515
285,beyneu,45.3167,55.2,0.35,98,100,4.67,KZ,1675539515
286,belmonte,-15.8631,-38.8828,28.13,73,3,5.07,BR,1675539516
287,matay,28.419,30.7792,13.06,39,100,2.55,EG,1675539516
288,la paz,-16.5,-68.15,9.99,87,75,3.6,BO,1675539403
289,puro,12.4841,123.3827,24.72,88,71,5.2,PH,1675539516
290,calvinia,-31.4707,19.776,21.24,44,0,3.06,ZA,1675539165
291,clarence town,-32.5833,151.7833,19.36,50,0,1.27,AU,1675539517
292,wuwei,37.9281,102.6414,-1.92,41,0,0.5,CN,1675539517
293,antalaha,-14.9003,50.2788,24.49,88,10,2.94,MG,1675539489
294,north platte,41.1239,-100.7654,6.73,62,0,9.26,US,1675539364
295,vostok,46.4856,135.8833,-21.3,98,100,2.25,RU,1675539398
296,aswan,24.0934,32.907,16.61,25,0,4.12,EG,1675539517
297,mundo nuevo,18.7,-95.5,20.66,74,100,7.86,MX,1675539445
298,vila velha,-20.3297,-40.2925,31.97,73,0,6.17,BR,1675539383
299,spasskoye,44.6108,132.7969,-14.62,87,95,2.67,RU,1675539518
300,calama,-22.4667,-68.9333,24.27,31,20,10.8,CL,1675539518
301,nizhniy odes,63.6445,54.856,-21.79,100,100,1.0,RU,1675539337
302,kalnibolotskaya,46.0058,40.4568,-1.29,87,92,1.75,RU,1675539518
303,tutoia,-2.7619,-42.2744,27.36,80,46,6.31,BR,1675539519
304,wyndham,37.6985,-77.6125,2.75,31,0,4.92,US,1675539519
305,inuvik,68.3499,-133.7218,-33.52,71,20,2.06,CA,1675539519
306,hihya,30.6713,31.588,9.41,75,7,2.16,EG,1675539520
307,awjilah,29.1081,21.2869,13.29,50,100,2.88,LY,1675539520
308,rocha,-34.4833,-54.3333,21.03,81,52,8.63,UY,1675539327
309,aklavik,68.2191,-135.0107,-40.0,67,20,1.03,CA,1675539520
310,san antonio,29.4241,-98.4936,16.88,64,0,5.14,US,1675539169
311,joaquim nabuco,-8.6244,-35.5333,27.77,64,67,4.92,BR,1675539521
312,vinkovci,45.2883,18.8047,1.25,55,0,9.26,HR,1675539521
313,padang,-0.9492,100.3543,24.82,85,100,1.48,ID,1675539521
314,palmer,42.1584,-72.3287,-9.71,23,75,4.12,US,1675539451
315,bonavista,48.6499,-53.1147,-12.74,78,87,16.4,CA,1675539522
316,fairbanks,64.8378,-147.7164,-12.02,79,100,1.54,US,1675539373
317,malatya,38.5,38.0,-3.97,100,100,0.0,TR,1675539522
318,wexford,52.3342,-6.4575,7.9,88,100,4.47,IE,1675539523
319,varzob,38.7737,68.8178,2.85,58,100,4.64,TJ,1675539523
320,malanje,-9.5402,16.341,17.53,96,100,1.41,AO,1675539523
321,minggang,32.4586,114.0486,4.07,65,58,2.03,CN,1675539524
322,choix,26.7092,-108.3219,31.87,15,2,2.2,MX,1675539524
323,khatanga,71.9667,102.5,-38.73,100,54,2.19,RU,1675539312
324,manta,-0.95,-80.7333,28.88,70,40,4.12,EC,1675539524
325,hualmay,-11.0964,-77.6139,24.87,71,89,4.17,PE,1675539524
326,pabna,24.0,89.25,16.36,46,43,2.55,BD,1675539525
327,kisangani,0.5167,25.2,23.9,47,17,1.21,CD,1675539525
328,ogaminana,7.5946,6.2248,30.48,20,48,0.61,NG,1675539525
329,zhangye,38.9342,100.4517,-3.51,46,10,1.02,CN,1675539526
330,sitka,57.0531,-135.33,0.94,86,100,2.06,US,1675539526
331,wentzville,38.8114,-90.8529,11.79,41,100,4.47,US,1675539503
332,inhambane,-23.865,35.3833,24.62,86,10,3.73,MZ,1675539351
333,lakes entrance,-37.8811,147.981,12.87,81,45,5.63,AU,1675539527
334,richards bay,-28.783,32.0377,22.3,89,7,1.13,ZA,1675539346
335,atar,20.5169,-13.0499,18.65,16,99,5.65,MR,1675539527
336,hamilton,39.1834,-84.5333,7.72,39,0,8.23,US,1675539282
337,mogadishu,2.0371,45.3438,24.84,75,10,9.99,SO,1675539527
338,bida,9.0833,6.0167,31.36,15,17,0.86,NG,1675539528
339,tsaratanana,-16.7833,47.65,23.72,87,97,1.17,MG,1675539528
340,singapore,1.2897,103.8501,25.58,94,75,2.06,SG,1675539400
341,gamba,-2.65,10.0,25.48,86,97,1.09,GA,1675539529
342,lavrentiya,65.5833,-171.0,-25.35,95,96,3.12,RU,1675539312
343,sohag,26.557,31.6948,11.16,45,34,2.53,EG,1675539529
344,aborlan,9.4352,118.5492,24.61,89,100,3.51,PH,1675539530
345,santa cecilia,-26.9608,-50.4269,23.69,51,100,3.11,BR,1675539530
346,nara,34.6851,135.8049,3.05,48,4,1.62,JP,1675539530
347,popondetta,-8.7537,148.2534,23.27,95,100,0.93,PG,1675539531
348,inyonga,-6.7167,32.0667,18.16,90,100,0.59,TZ,1675539531
349,constitucion,-35.3333,-72.4167,20.15,74,43,3.34,CL,1675539531
350,vila franca do campo,37.7167,-25.4333,15.23,84,5,2.44,PT,1675539531
351,chimbote,-9.0853,-78.5783,24.63,69,100,4.33,PE,1675539532
352,qiongshan,20.0058,110.3542,20.99,100,75,3.0,CN,1675539532
353,linqiong,30.4159,103.4609,11.9,67,100,1.17,CN,1675539532
354,celle,52.6226,10.0805,3.06,90,35,1.03,DE,1675539533
355,fortuna,40.5982,-124.1573,14.96,60,100,4.47,US,1675539533
356,egvekinot,66.3167,-179.1667,-33.81,88,14,6.2,RU,1675539533
357,iqaluit,63.7506,-68.5145,-35.15,66,20,8.75,CA,1675539049
358,petropavlovsk-kamchatskiy,53.0452,158.6483,-17.67,71,0,3.0,RU,1675539094
359,ewa beach,21.3156,-158.0072,22.27,86,100,6.17,US,1675539534
360,katsuura,35.1333,140.3,6.94,70,4,5.26,JP,1675539357
361,nyamuswa,-1.9,34.0167,19.8,59,100,0.95,TZ,1675539534
362,marzuq,14.4,46.4667,17.93,72,18,1.72,YE,1675539293
363,evensk,61.95,159.2333,-19.25,82,100,3.73,RU,1675539359
364,pangai,-19.8,-174.35,27.04,76,88,10.59,TO,1675539441
365,juruti,-2.1522,-56.0922,30.18,60,94,1.99,BR,1675539535
366,kalmunai,7.4167,81.8167,24.32,90,97,3.33,LK,1675539535
367,komsomolskiy,40.4272,71.7189,4.4,87,100,3.09,UZ,1675539464
368,komyshnya,50.1859,33.684,-3.19,93,100,4.6,UA,1675539536
369,mitsamiouli,-11.3847,43.2844,27.36,74,98,1.11,KM,1675539536
370,lucapa,-8.4192,20.7447,17.01,98,100,1.13,AO,1675539536
371,kaitangata,-46.2817,169.8464,21.48,68,100,2.5,NZ,1675539536
372,klaksvik,62.2266,-6.589,4.51,62,12,13.79,FO,1675539345
373,mount gambier,-37.8333,140.7667,13.35,84,100,1.38,AU,1675539119
374,wanlaweyn,2.6185,44.8938,23.7,67,36,6.76,SO,1675539537
375,las vegas,36.175,-115.1372,17.56,30,0,2.57,US,1675539378
376,leningradskiy,69.3833,178.4167,-32.4,99,100,2.09,RU,1675539537
377,haines junction,60.7522,-137.5108,-11.03,73,100,1.54,CA,1675539538
378,qasigiannguit,68.8193,-51.1922,-17.86,99,100,3.2,GL,1675539538
379,lappeenranta,61.0587,28.1887,-10.97,92,0,3.09,FI,1675539538
380,havre-saint-pierre,50.2334,-63.5986,-14.0,60,100,10.29,CA,1675539539
381,novobiryusinskiy,56.9578,97.7076,-22.8,100,100,1.12,RU,1675539539
382,katobu,-4.9408,122.5276,23.44,94,100,1.5,ID,1675539539
383,kavaratti,10.5669,72.642,27.42,67,99,2.59,IN,1675539539
384,mana,5.6592,-53.7767,25.24,88,100,6.08,GF,1675539540
385,khromtau,50.2503,58.4347,-19.79,94,59,4.53,KZ,1675539540
386,koslan,63.4564,48.8989,-19.45,100,100,1.01,RU,1675539540
387,alma,48.5501,-71.6491,-23.28,72,53,1.35,CA,1675539311
388,hovd,48.0056,91.6419,-14.97,80,50,0.7,MN,1675539541
389,viking,53.1001,-111.7684,4.07,96,84,2.95,CA,1675539541
390,zlitan,32.4674,14.5687,14.56,69,16,2.21,LY,1675539541
391,teya,60.3778,92.6267,-10.13,97,100,1.57,RU,1675539542
392,nizhniy kuranakh,58.8353,125.4869,-24.63,100,100,0.65,RU,1675539458
393,kaz,52.9113,87.3105,-17.19,100,100,0.96,RU,1675539542
394,salamiyah,35.0113,37.0532,6.14,80,100,0.53,SY,1675539543
395,rio grande,-32.035,-52.0986,31.06,57,0,7.53,BR,1675539543
396,hun,29.1268,15.9477,12.96,38,75,4.19,LY,1675539543
397,olinda,-8.0089,-34.8553,28.85,70,40,6.17,BR,1675538990
398,tukrah,32.5341,20.5791,13.18,65,0,5.31,LY,1675539298
399,teguldet,57.3064,88.1667,-22.46,100,100,0.36,RU,1675539544
400,asfi,32.2994,-9.2372,14.21,72,0,2.26,MA,1675539545
401,bay saint louis,30.3088,-89.33,15.04,51,0,5.14,US,1675539545
402,belogorsk,50.9158,128.4611,-23.39,100,95,1.87,RU,1675539545
403,muborak,39.2553,65.1528,5.14,71,92,4.16,UZ,1675539546
404,bykovo,55.6361,38.0803,0.31,100,100,2.0,RU,1675539546
405,kodinsk,58.6881,99.1844,-15.77,98,99,1.27,RU,1675539547
406,pingyi,35.5006,117.6308,0.38,63,0,2.35,CN,1675539547
407,shestakovo,56.4915,103.96,-19.21,100,100,1.5,RU,1675539547
408,antigonish,45.6169,-61.9986,-16.21,78,100,5.36,CA,1675539548
409,liverpool,53.4106,-2.9779,10.05,89,100,7.72,GB,1675539419
410,gladstone,-23.85,151.25,25.96,89,100,2.06,AU,1675539548
411,new bedford,41.6362,-70.9342,-9.03,31,0,6.71,US,1675539549
412,kizner,56.2749,51.508,-10.3,97,100,1.09,RU,1675539549
413,kununurra,-15.7667,128.7333,23.99,94,40,0.0,AU,1675539254
414,srednekolymsk,67.45,153.6833,-35.13,100,100,1.26,RU,1675539549
415,nueva helvecia,-34.3,-57.2333,25.33,38,0,5.35,UY,1675539550
416,rustam,27.969,68.8048,15.97,22,5,1.4,PK,1675539550
417,newtownards,54.5924,-5.6909,6.97,72,2,2.06,GB,1675539552
418,sangar,63.9242,127.4739,-30.9,99,100,0.52,RU,1675539553
419,hobyo,5.3505,48.5268,24.16,72,59,7.95,SO,1675539553
420,may pen,17.9645,-77.2451,27.56,53,29,5.64,JM,1675539554
421,pokaran,26.9167,71.9167,18.41,23,0,1.41,IN,1675539554
422,natchez,31.5604,-91.4032,16.25,37,0,3.6,US,1675539554
423,lorengau,-2.0226,147.2712,27.15,73,100,1.87,PG,1675539293
424,sao joao da barra,-21.6403,-41.0511,32.05,83,7,6.26,BR,1675539344
425,waipawa,-41.4122,175.5153,20.39,77,10,3.0,NZ,1675539555
426,mpongwe,-13.5091,28.155,18.07,95,89,1.42,ZM,1675539555
427,shambu,9.5667,37.1,13.8,29,25,0.28,ET,1675539556
428,parana,-31.732,-60.5238,31.43,38,0,4.43,AR,1675539327
429,presidencia roque saenz pena,-26.7852,-60.4388,35.03,20,53,4.58,AR,1675539556
430,blagoveshchenka,52.8333,79.8667,-23.35,100,74,1.7,RU,1675539557
431,beloha,-25.1667,45.05,23.14,82,100,7.01,MG,1675539557
432,champerico,14.3,-91.9167,32.3,59,2,5.58,GT,1675539557
433,paracuru,-3.41,-39.0306,27.84,74,84,5.19,BR,1675539558
434,registro,-24.4875,-47.8436,33.2,47,96,3.48,BR,1675539558
435,olenino,56.2092,33.4889,-5.26,92,100,2.33,RU,1675539559
436,santa maria,-29.6842,-53.8069,27.61,47,75,4.12,BR,1675539543
437,ribeira brava,32.65,-17.0667,17.62,66,25,4.99,PT,1675539559
438,maumee,41.5628,-83.6538,2.86,49,0,8.75,US,1675539301
439,trinidad,-14.8333,-64.9,27.99,74,75,2.06,BO,1675539560
440,bullhead city,35.1478,-114.5683,19.29,29,20,5.66,US,1675539560
441,kericho,-0.3677,35.2831,13.18,58,80,1.94,KE,1675539561
442,nyurba,63.2842,118.3319,-46.79,100,100,0.78,RU,1675539561
443,bhimunipatnam,17.8833,83.4333,18.73,73,1,1.0,IN,1675539561
444,lolodorf,3.2333,10.7333,23.26,92,35,1.76,CM,1675539562
445,puri,19.8,85.85,20.29,61,5,2.33,IN,1675539562
446,tecolutla,20.4833,-97.0167,22.92,63,69,4.67,MX,1675539408
447,hirara,24.8,125.2833,20.42,71,63,6.41,JP,1675539562
448,hvide sande,56.0045,8.1294,0.61,85,84,8.04,DK,1675539563
449,wana,32.2989,69.5725,7.98,39,2,2.05,PK,1675539563
450,antsohihy,-14.8796,47.9875,23.88,95,86,0.62,MG,1675539564
451,poronaysk,49.2167,143.1167,-27.23,97,17,1.34,RU,1675539564
452,maumere,-8.6199,122.2111,25.55,85,100,1.3,ID,1675539565
453,jacareacanga,-6.2222,-57.7528,28.6,76,81,1.03,BR,1675539565
454,nagato,34.3833,131.2,4.19,59,10,1.82,JP,1675539566
455,sidi ali,36.0998,0.4206,8.81,77,0,0.69,DZ,1675539566
456,rawson,-43.3002,-65.1023,32.81,26,21,5.49,AR,1675539304
457,port lincoln,-34.7333,135.8667,15.07,80,43,1.72,AU,1675539566
458,uthal,25.8072,66.6219,19.71,79,0,2.1,PK,1675539567
459,zambezi,-13.5432,23.1047,19.11,97,100,2.2,ZM,1675539567
460,tonantins,-2.8731,-67.8022,26.57,93,100,0.53,BR,1675539567
461,dwarka,22.2394,68.9678,20.73,62,74,4.16,IN,1675539568
462,anadyr,64.75,177.4833,-29.72,76,0,4.0,RU,1675539568
463,camacha,33.0833,-16.3333,14.68,63,40,7.2,PT,1675539568
464,tiznit,29.5833,-9.5,11.12,48,6,0.56,MA,1675539569
465,roebourne,-20.7833,117.1333,31.37,49,88,2.31,AU,1675539569
466,nome,64.5011,-165.4064,-12.96,78,100,2.57,US,1675539214
467,kayes,14.0,-11.0,28.48,11,50,3.87,ML,1675539311
468,sinnamary,5.3833,-52.95,25.23,88,100,6.97,GF,1675539305
469,sibu,2.3,111.8167,24.17,100,40,2.06,MY,1675539570
470,meulaboh,4.1363,96.1285,23.87,88,96,1.68,ID,1675539293
471,zhezkazgan,47.8043,67.7144,-10.32,98,100,1.75,KZ,1675539396
472,pangnirtung,66.1451,-65.7125,-37.0,67,0,1.03,CA,1675539570
473,pinyug,60.251,47.7842,-10.67,98,100,1.36,RU,1675539571
474,maningrida,-12.0667,134.2667,24.48,90,91,1.25,AU,1675539571
475,cortez,37.3489,-108.5859,7.61,44,0,2.57,US,1675539571
476,la ronge,55.1001,-105.2842,-12.86,78,100,1.03,CA,1675539572
477,kampot,10.6167,104.1833,22.03,75,32,0.72,KH,1675539572
478,karratha,-20.7377,116.8463,31.17,48,76,4.64,AU,1675539572
479,yurty,56.0498,97.6348,-17.94,99,100,0.93,RU,1675539573
480,jaboticabal,-21.2547,-48.3222,24.54,89,100,2.2,BR,1675539573
481,ucluelet,48.9329,-125.5528,9.17,93,100,1.79,CA,1675539574
482,tokur,53.1333,132.9,-26.25,99,100,0.74,RU,1675539575
483,dingle,10.9995,122.6711,23.63,94,99,4.1,PH,1675539575
484,kuching,1.55,110.3333,26.13,91,40,1.03,MY,1675539575
485,sur,22.5667,59.5289,21.38,69,0,1.86,OM,1675539322
486,grand bank,47.0999,-55.765,-15.0,89,100,17.54,CA,1675539576
487,agaro,7.85,36.65,17.67,32,9,1.34,ET,1675539576
488,baoqing,46.3317,132.2111,-14.3,95,100,2.05,CN,1675539576
489,maragogi,-9.0122,-35.2225,27.22,74,36,4.0,BR,1675539577
490,teknaf,20.8624,92.3058,16.89,60,41,4.27,BD,1675539577
491,hit,33.6416,42.8251,11.72,48,46,3.71,IQ,1675539086
492,halifax,44.6453,-63.5724,-13.21,68,99,14.92,CA,1675539115
493,bilma,18.6853,12.9164,23.76,14,28,2.55,NE,1675539578
494,san quintin,30.4833,-115.95,18.49,50,0,4.22,MX,1675539343
495,kanniyakumari,8.0833,77.5667,25.06,85,82,7.37,IN,1675539578
496,rio branco do sul,-25.19,-49.3142,22.97,98,81,2.07,BR,1675539578
497,biak,-0.9131,122.8766,24.07,84,100,1.36,ID,1675539579
498,burnie,-41.0667,145.9167,12.36,77,6,4.55,AU,1675539579
499,kindersley,51.4668,-109.1682,-2.99,80,75,2.57,CA,1675539579
500,nguru,12.8791,10.4526,25.87,16,23,4.76,NG,1675539579
501,takhtamygda,54.1,123.5667,-30.88,99,93,0.59,RU,1675539580
502,laramie,41.3114,-105.5911,4.74,47,0,14.92,US,1675538999
503,kutum,14.2,24.6667,18.3,15,100,3.89,SD,1675539580
504,kovdor,67.5662,30.4758,-14.57,96,100,2.28,RU,1675539580
505,gazli,40.1333,63.45,3.52,73,1,2.1,UZ,1675539581
506,kudahuvadhoo,2.6708,72.8944,26.45,68,98,3.14,MV,1675539581
507,yulara,-25.2406,130.9889,18.98,32,0,4.7,AU,1675539320
508,coihaique,-45.5752,-72.0662,28.97,32,20,4.63,CL,1675539581
509,badhni kalan,30.6833,75.2833,12.28,62,0,2.52,IN,1675539582
510,uvalde,29.3669,-99.767,8.55,100,100,0.0,US,1675539582
511,mareeba,-17.0,145.4333,24.13,97,100,0.98,AU,1675539582
512,bud,39.447,-86.1758,7.64,42,74,7.76,US,1675539583
513,monte alegre,-2.0078,-54.0692,29.25,65,99,1.72,BR,1675539530
514,ambikapur,23.1167,83.2,11.75,36,6,0.81,IN,1675539583
515,leshukonskoye,64.8989,45.7622,-21.62,100,96,1.28,RU,1675539583
516,moranbah,-22.0016,148.0466,23.39,90,85,4.29,AU,1675539584
517,guerrero negro,27.9769,-114.0611,20.87,35,0,4.19,MX,1675539350
518,vanavara,60.34,102.2797,-19.71,100,99,1.17,RU,1675539584
519,sakakah,29.9697,40.2064,9.76,50,0,3.34,SA,1675539404
520,tilichiki,60.4667,166.1,-27.83,98,45,3.75,RU,1675539349
521,neyshabur,36.2133,58.7958,3.95,40,6,1.62,IR,1675539584
522,plouzane,48.3833,-4.6167,7.18,76,100,2.06,FR,1675539585
523,coquimbo,-29.9533,-71.3436,22.85,64,40,4.63,CL,1675539196
524,sabha,27.0377,14.4283,14.35,30,81,3.49,LY,1675539585
525,mangrol,21.1167,70.1167,21.09,38,6,3.17,IN,1675539585
526,sterling,39.0062,-77.4286,0.7,31,20,6.17,US,1675539586
527,umm lajj,25.0213,37.2685,19.68,52,9,4.18,SA,1675539515
528,yinchuan,38.4681,106.2731,-1.72,30,0,0.78,CN,1675539361
529,slave lake,55.2834,-114.769,1.99,93,75,1.03,CA,1675539586
530,thaba-tseka,-29.522,28.6084,13.01,63,11,1.23,LS,1675539586
531,sungaipenuh,-2.0833,101.3833,17.98,99,100,0.24,ID,1675539587
532,loralai,30.3705,68.598,9.94,33,0,1.54,PK,1675539587
533,veraval,20.9,70.3667,21.76,42,21,2.38,IN,1675539555
534,xining,36.6167,101.7667,-1.95,35,29,0.8,CN,1675539398
535,pyatnitskoye,50.4233,37.8273,-3.45,96,93,3.21,RU,1675539588
536,ostrovnoy,68.0531,39.5131,-10.8,85,99,4.73,RU,1675539588
537,grand gaube,-20.0064,57.6608,26.32,77,99,1.34,MU,1675539588
538,chara,56.9064,118.2631,-23.33,79,97,1.18,RU,1675539588
539,nizhniy tsasuchey,50.5167,115.1333,-22.85,98,11,1.87,RU,1675539589
540,fabriano,43.3406,12.9073,8.52,62,71,6.78,IT,1675539589
541,carutapera,-1.195,-46.02,25.54,92,100,4.17,BR,1675539592
542,basco,20.4487,121.9702,23.83,79,21,10.1,PH,1675539592
543,kaeo,-35.1,173.7833,21.85,90,93,3.17,NZ,1675539592
544,saint-augustin,51.226,-58.6502,-12.78,73,81,11.2,CA,1675539327
545,aden,12.7794,45.0367,24.01,73,11,2.92,YE,1675539593
546,muros,42.7762,-9.0603,10.47,76,1,4.22,ES,1675539497
547,haskovo,41.9403,25.5694,4.03,76,100,4.75,BG,1675539593
548,ust-nera,64.5667,143.2,-35.22,100,100,0.91,RU,1675539593
549,gwadar,25.1216,62.3254,21.77,79,0,5.99,PK,1675539594
550,dengzhou,37.8086,120.7508,1.09,49,0,3.7,CN,1675539594
551,mandan,46.8267,-100.8896,6.01,62,0,10.29,US,1675539594
552,uyo,5.0333,7.9266,27.25,78,97,2.94,NG,1675539595
553,beruwala,6.4788,79.9828,24.1,90,19,2.35,LK,1675539595
554,itarema,-2.9248,-39.9167,27.5,76,41,6.69,BR,1675539595
555,turayf,31.6725,38.6637,7.14,70,0,4.12,SA,1675539596
556,rio gallegos,-51.6226,-69.2181,17.03,63,75,6.17,AR,1675539597
557,yingkou,40.6648,122.2283,-2.83,57,2,5.37,CN,1675539577
558,harper,4.375,-7.7169,26.94,82,8,4.23,LR,1675539598
559,beatrice,40.2681,-96.747,10.66,57,0,6.17,US,1675539599
560,duku,11.2361,4.9073,29.85,9,7,2.93,NG,1675539599
561,nizwa,22.9333,57.5333,21.52,55,0,0.51,OM,1675539600
562,kholtoson,50.2981,103.3097,-19.06,95,100,0.91,RU,1675539600
563,gaoual,11.75,-13.2,30.66,16,50,1.92,GN,1675539600
